Factory_ID,Orders,Avg_Prod_Cost,Delay_Rate,Avg_Rating
F001,22602,16.910971025969225,0.3590390230953013,4.250601716662243
F002,16337,11.131588750326443,0.36065373079512764,4.246887433433311
F003,17306,13.281962356538548,0.3653646134288686,4.252299780422975
F004,218,11.339030451106147,0.3623853211009174,4.284403669724771
F005,26000,10.243738644955194,0.35665384615384615,4.249457692307692
